Workbook

Sheet POS1
A1: 商品コード | B1: 商品名 | C1: 単価 | D1: 販売数 | E1: 売上金額
A2: P001 | B2: 南部鉄器 急須(小) | C2: 8500 | D2: 4 | E2: =C2*D2 -> 34000
A3: P002 | B3: 南部鉄器 風鈴 | C3: 3200 | D3: 7 | E3: =C3*D3 -> 22400
A4: P003 | B4: 南部鉄器 文鎮 | C4: 1800 | D4: 0 | E4: =C4*D4 -> 0
A5: P004 | B5: 南部せんべい(10枚入・ごま) | C5: 650 | D5: 8 | E5: =C5*D5 -> 5200
A6: P005 | B6: 南部せんべい(10枚入・ピーナッツ) | C6: 650 | D6: 5 | E6: =C6*D6 -> 3250
A7: P006 | B7: 南部せんべい(10枚入・りんご) | C7: 750 | D7: 2 | E7: =C7*D7 -> 1500
A8: P007 | B8: 藍染ハンカチ | C8: 1500 | D8: 0 | E8: =C8*D8 -> 0
A9: P008 | B9: 藍染手ぬぐい | C9: 2200 | D9: 9 | E9: =C9*D9 -> 19800
A10: P009 | B10: 藍染トートバッグ | C10: 4800 | D10: 6 | E10: =C10*D10 -> 28800
A11: P010 | B11: 南部焼 湯呑み | C11: 2800 | D11: 3 | E11: =C11*D11 -> 8400
A12: P011 | B12: 南部焼 飯椀 | C12: 2500 | D12: 0 | E12: =C12*D12 -> 0
A13: P012 | B13: 南部焼 マグカップ | C13: 3500 | D13: 10 | E13: =C13*D13 -> 35000
... A31: P030 | B31: 岩手銘菓 かもめの玉子(8個入) | C31: 1080 | D31: 12 | E31: =C31*D31 -> 12960
A32: 合計 | D32: =SUM(D2:D31) -> 145 | E32: =SUM(E2:E31) -> 325360

Sheet POS2
A1: 商品コード | B1: 商品名 | C1: 単価 | D1: 販売数 | E1: 売上金額
A2: P001 | B2: 南部鉄器 急須(小) | C2: 8500 | D2: 4 | E2: =C2*D2 -> 34000
A3: P002 | B3: 南部鉄器 風鈴 | C3: 3200 | D3: 7 | E3: =C3*D3 -> 22400
A4: P003 | B4: 南部鉄器 文鎮 | C4: 1800 | D4: 0 | E4: =C4*D4 -> 0
A5: P004 | B5: 南部せんべい(10枚入・ごま) | C5: 650 | D5: 8 | E5: =C5*D5 -> 5200
A6: P005 | B6: 南部せんべい(10枚入・ピーナッツ) | C6: 650 | D6: 5 | E6: =C6*D6 -> 3250
A7: P006 | B7: 南部せんべい(10枚入・りんご) | C7: 750 | D7: 2 | E7: =C7*D7 -> 1500
A8: P007 | B8: 藍染ハンカチ | C8: 1500 | D8: 0 | E8: =C8*D8 -> 0
A9: P008 | B9: 藍染手ぬぐい | C9: 2200 | D9: 9 | E9: =C9*D9 -> 19800
A10: P009 | B10: 藍染トートバッグ | C10: 4800 | D10: 6 | E10: =C10*D10 -> 28800
A11: P010 | B11: 南部焼 湯呑み | C11: 2800 | D11: 3 | E11: =C11*D11 -> 8400
A12: P011 | B12: 南部焼 飯椀 | C12: 2500 | D12: 0 | E12: =C12*D12 -> 0
A13: P012 | B13: 南部焼 マグカップ | C13: 3500 | D13: 10 | E13: =C13*D13 -> 35000
... A31: P030 | B31: 岩手銘菓 かもめの玉子(8個入) | C31: 1080 | D31: 12 | E31: =C31*D31 -> 12960
A32: 合計 | D32: =SUM(D2:D31) -> 145 | E32: =SUM(E2:E31) -> 325360

Sheet POS3
A1: 商品コード | B1: 商品名 | C1: 単価 | D1: 販売数 | E1: 売上金額
A2: P001 | B2: 南部鉄器 急須(小) | C2: 8500 | D2: 4 | E2: =C2*D2 -> 34000
A3: P002 | B3: 南部鉄器 風鈴 | C3: 3200 | D3: 7 | E3: =C3*D3 -> 22400
A4: P003 | B4: 南部鉄器 文鎮 | C4: 1800 | D4: 0 | E4: =C4*D4 -> 0
A5: P004 | B5: 南部せんべい(10枚入・ごま) | C5: 650 | D5: 8 | E5: =C5*D5 -> 5200
A6: P005 | B6: 南部せんべい(10枚入・ピーナッツ) | C6: 650 | D6: 5 | E6: =C6*D6 -> 3250
A7: P006 | B7: 南部せんべい(10枚入・りんご) | C7: 750 | D7: 2 | E7: =C7*D7 -> 1500
A8: P007 | B8: 藍染ハンカチ | C8: 1500 | D8: 0 | E8: =C8*D8 -> 0
A9: P008 | B9: 藍染手ぬぐい | C9: 2200 | D9: 9 | E9: =C9*D9 -> 19800
A10: P009 | B10: 藍染トートバッグ | C10: 4800 | D10: 6 | E10: =C10*D10 -> 28800
A11: P010 | B11: 南部焼 湯呑み | C11: 2800 | D11: 3 | E11: =C11*D11 -> 8400
A12: P011 | B12: 南部焼 飯椀 | C12: 2500 | D12: 0 | E12: =C12*D12 -> 0
A13: P012 | B13: 南部焼 マグカップ | C13: 3500 | D13: 10 | E13: =C13*D13 -> 35000
... A31: P030 | B31: 岩手銘菓 かもめの玉子(8個入) | C31: 1080 | D31: 12 | E31: =C31*D31 -> 12960
A32: 合計 | D32: 145 | E32: =SUM(E2:E31) -> 325360

Sheet POS4
A1: 商品コード | B1: 商品名 | C1: 単価 | D1: 販売数 | E1: 売上金額
A2: P001 | B2: 南部鉄器 急須(小) | C2: 8500 | D2: 4 | E2: =C2*D2 -> 34000
A3: P002 | B3: 南部鉄器 風鈴 | C3: 3200 | D3: 7 | E3: =C3*D3 -> 22400
A4: P003 | B4: 南部鉄器 文鎮 | C4: 1800 | D4: 0 | E4: =C4*D4 -> 0
A5: P004 | B5: 南部せんべい(10枚入・ごま) | C5: 650 | D5: 8 | E5: =C5*D5 -> 5200
A6: P005 | B6: 南部せんべい(10枚入・ピーナッツ) | C6: 650 | D6: 5 | E6: =C6*D6 -> 3250
A7: P006 | B7: 南部せんべい(10枚入・りんご) | C7: 750 | D7: 2 | E7: =C7*D7 -> 1500
A8: P007 | B8: 藍染ハンカチ | C8: 1500 | D8: 0 | E8: =C8*D8 -> 0
A9: P008 | B9: 藍染手ぬぐい | C9: 2200 | D9: 9 | E9: =C9*D9 -> 19800
A10: P009 | B10: 藍染トートバッグ | C10: 4800 | D10: 6 | E10: =C10*D10 -> 28800
A11: P010 | B11: 南部焼 湯呑み | C11: 2800 | D11: 3 | E11: =C11*D11 -> 8400
A12: P011 | B12: 南部焼 飯椀 | C12: 2500 | D12: 0 | E12: =C12*D12 -> 0
A13: P012 | B13: 南部焼 マグカップ | C13: 3500 | D13: 10 | E13: =C13*D13 -> 35000
... A31: P030 | B31: 岩手銘菓 かもめの玉子(8個入) | C31: 1080 | D31: 12 | E31: =C31*D31 -> 12960
A32: 合計 | D32: =SUM(D2:D31) -> 145 | E32: =SUM(E2:E31) -> 325360

Sheet 売上集計
A1: 商品コード | B1: 商品名 | C1: 単価 | D1: 販売数 | E1: 売上金額
A2: P001 | B2: 南部鉄器 急須(小) | C2: 8500 | D2: ='POS1'!D2+'POS2'!D2+'POS3'!D2+'POS4'!D2 -> 16 | E2: =C2*D2 -> 136000
A3: P002 | B3: 南部鉄器 風鈴 | C3: 3200 | D3: ='POS1'!D3+'POS2'!D3+'POS3'!D3+'POS4'!D3 -> 28 | E3: =C3*D3 -> 89600
A4: P003 | B4: 南部鉄器 文鎮 | C4: 1800 | D4: ='POS1'!D4+'POS2'!D4+'POS3'!D4+'POS4'!D4 -> 0 | E4: =C4*D4 -> 0
A5: P004 | B5: 南部せんべい(10枚入・ごま) | C5: 650 | D5: ='POS1'!D5+'POS2'!D5+'POS3'!D5+'POS4'!D5 -> 32 | E5: =C5*D5 -> 20800
A6: P005 | B6: 南部せんべい(10枚入・ピーナッツ) | C6: 650 | D6: ='POS1'!D6+'POS2'!D6+'POS3'!D6+'POS4'!D6 -> 20 | E6: =C6*D6 -> 13000
A7: P006 | B7: 南部せんべい(10枚入・りんご) | C7: 750 | D7: ='POS1'!D7+'POS2'!D7+'POS3'!D7+'POS4'!D7 -> 8 | E7: =C7*D7 -> 6000
A8: P007 | B8: 藍染ハンカチ | C8: 1500 | D8: ='POS1'!D8+'POS2'!D8+'POS3'!D8+'POS4'!D8 -> 0 | E8: =C8*D8 -> 0
A9: P008 | B9: 藍染手ぬぐい | C9: 2200 | D9: ='POS1'!D9+'POS2'!D9+'POS3'!D9+'POS4'!D9 -> 36 | E9: =C9*D9 -> 79200
A10: P009 | B10: 藍染トートバッグ | C10: 4800 | D10: ='POS1'!D10+'POS2'!D10+'POS3'!D10+'POS4'!D10 -> 24 | E10: =C10*D10 -> 115200
A11: P010 | B11: 南部焼 湯呑み | C11: 2800 | D11: ='POS1'!D11+'POS2'!D11+'POS3'!D11+'POS4'!D11 -> 12 | E11: =C11*D11 -> 33600
A12: P011 | B12: 南部焼 飯椀 | C12: 2500 | D12: ='POS1'!D12+'POS2'!D12+'POS3'!D12+'POS4'!D12 -> 0 | E12: =C12*D12 -> 0
A13: P012 | B13: 南部焼 マグカップ | C13: 3500 | D13: ='POS1'!D13+'POS2'!D13+'POS3'!D13+'POS4'!D13 -> 40 | E13: =C13*D13 -> 140000
... A31: P030 | B31: 岩手銘菓 かもめの玉子(8個入) | C31: 1080 | D31: ='POS1'!D31+'POS2'!D31+'POS3'!D31+'POS4'!D31 -> 48 | E31: =C31*D31 -> 51840
A32: 合計 | D32: =SUM(D2:D31) -> 580 | E32: =SUM(E2:E31) -> 1301440
